channel,id
夏色まつり,UCQ0UDLQCjY0rmuxCDE38FGg
白上フブキ,UCdn5BQ06XqgXoAxIhbqw5Rg
ときのそら,UCp6993wxpyDPHUpavwDFqgg
ロボ子さん,UCDqI2jOz0weumE8s7paEk6g
因幡はねる,UC0Owc36U9lOyi9Gx9Ic-4qg
百鬼あやめ,UC7fk0CB07ly8oSl0aqKkqFg
ウェザーロイドAiri,UCzrw4K7D9Ti3FP8WMTVPImg
アズマリム,UCARI2g7r-PHaxrIcAYsMfmA
湊あくあ,UC1opHUrw8rvnsadT-iGp7Cg
ゲーム部プロジェクト,UC2ZVDmnoZAOdLt7kI7Uaqog
電脳少女シロ,UCLhUvJ_wO9hOvv_yYENu4fQ
ミライアカリ,UCMYtONm441rBogWK_xPH9HA
宇森ひなこ,UChqYnJlFxlBi6DfRz6jRenQ
響木アオ,UCNwo7eikmX5HPs7NedWVBgw
キズナアイGames,UCbFwe3COkDrbNsbMyGNCsDg
夏実萌恵,UCBePKUYNhoMcjBi-BRmjarQ
ラキステーション,UCp77Qho-YHhnklRr-DkjiOw
ヨメミ,UCy5lOmEQoivK5XK7QCaRKug
物述有栖,UCt0clH12Xk1-Ej5PXKGfdPA
ヒメヒナちゃんねる,UCFv2z4iM5vHrS8bZPq4fHQQ
さなちゃんねる,UCIdEIHpS0TdkqRkHL5OkLtA
ここあMusic,UCCebk1_w5oiMUTRxdNJq0sA
キズナアイ,UC4YaOt1yT-ZeyB0OmxHgolA
輝夜月,UCQYADFw7xEJ9oZSM5ZbqyBw
YUA藤崎由愛,UC_zztIHGbBz9L-ZM-Ta2O1Q
ひなたちゃんねる,UCevD0wKzJFpfIkvHOiQsfLQ
織田信姫,UCGcD5iUDG8xiywZeeDxye-A
YuNiちゃんねる,UCHTnX0CSX_KObo5I9WuZ64g
夜桜たま,UCOefINa2_BmpuX4BbHjdk9A
日雇礼子,UCc5BawFmb7aNHck7HFtSKvw
天神子兎音,UCAr7rLi_Wn09G-XfTA07d4g
ハッカドール,UCIqbU97D5CrknKaNik10A-A
ちゆ12歳,UCg49h2KFnB3SH1efaI_njVg
ばあちゃる,UC6TyfKcsrPwBsBnx2QobVLQ
月ノ美兎,UCD-miitqNY3nyukJ4Fnf4_A